"hd_cat","size_staff","size_resps","pct_respon"
"Frontier",67,48,0.716417910447761
"Small",68,56,0.823529411764706
"Medium",95,78,0.821052631578947
"Large",395,252,0.637974683544304
